Código,Name,Faccao,Complexo,Pouco Expressivo
1,Ladeira dos Funcionários,CV,Caju,
2,Moreira Pinto,CV,Providencia,t
3,Morro da Providência,CV,Providencia,
4,Parque Boa Esperança (RA - Portuária),CV,Caju,
5,Parque Nossa Senhora da Penha,CV,Caju,t
6,Parque São Sebastião,CV,Caju,
7,Pedra Lisa,CV,Providencia,
8,Quinta do Caju,CV,Caju,
9,Bispo,Policia,Turano,
10,Matinha (RA - Rio Comprido),Policia,Turano,
11,Azevedo Lima,TCP,Sao Carlos,
12,São Carlos,TCP,Sao Carlos,
13,Catumbi,ADA,Mineira,
14,Morro do Escondidinho,CV,Rio Comprido,
15,Morro Santos Rodrigues,ADA,Mineira,
16,Parque Rebouças,,,
17,Paula Ramos,,,
18,Rato,ADA,Sao Carlos,
19,Santa Alexandrina,,,
20,Sumaré,Policia,Turano,
22,Vila Santa Alexandrina,,,
23,Cerro-Corá,CV,Cerro-Cora,
24,Guararapes,CV,Cerro-Cora,
25,Humaitá,,,
27,Mangueira (RA - Botafogo),Policia,Tabajaras,
28,Morro Azul,ADA,Azul,
29,Morro Santa Marta,Policia,Dona Marta,
30,Tavares Bastos,CV,Santo Amaro,
31,Vila Cândido,CV,Cerro-Cora,
1103,Rua Vale do Paraíso,,,
1099,"Rua Camatia, nº 241",,,
32,Vila da Imaculada Conceição,CV,Cerro-Cora,
33,Vila Pereira da Silva,CV,Pereirao,
34,Vila Santo Amaro,CV,Santo Amaro,
35,Babilônia,Policia,Babilonia,
36,Chapéu Mangueira,Policia,Babilonia,
37,Ladeira dos Tabajaras,Policia,Tabajaras,
38,Morro dos Cabritos,Policia,Cabritos,
39,Pavão-Pavãozinho,Policia,Ipanema,
40,Vila Benjamim Constant,Policia,Babilonia,
41,Chácara do Céu,CV,Rocinha,
42,Morro do Cantagalo,Policia,Ipanema,
43,Rocinha,CV,Rocinha,
45,Vidigal,CV,Vidigal,
46,Vila Parque da Cidade,CV,Rocinha,
47,Barreira do Vasco,CV,Barreira do Vasco,
48,Conjunto Ataulfo Alves,,,
49,Rua Ferreira de Araújo,,,
50,Mangueira (RA - São Cristóvão),CV,Mangueira,
51,Marechal Jardim,CV,Tuiuti,
52,Morro dos Telégrafos,CV,Mangueira,
53,Parque Alegria,CV,Caju,
54,Parque Candelária,CV,Mangueira,
55,Parque dos Mineiros,CV,Tuiuti,
56,Parque Herédia de Sá,CV,Arara,
57,Parque Horácio Cardoso Franco,CV,Arara,
58,Parque Vitória,CV,Caju,
60,Tuiuti,CV,Tuiuti,
61,Vila Arará,CV,Arara,
62,Borel,Policia,Borel,
63,Coréia (RA - Tijuca),,,
64,Doutor Catrambi,,,
65,Estrada do Tijuaçu,,,
66,França Junior,Policia,Andarai,
67,Indiana,Policia,Borel,
68,Mata Machado,,,
69,Morro da Casa Branca,TCP,Casa Branca,
70,Morro do Chacrinha,Policia,Turano,
71,Morro da Formiga,Policia,Formiga,
72,Morro da Liberdade,Policia,Turano,
73,Morro do Bananal,Policia,Borel,
74,Salgueiro,Policia,Salgueiro,
75,Arrelia,Policia,Andarai,
76,Borda do Mato,Policia,Andarai,
77,Buraco Quente,Policia,Andarai,
78,Jamelão,Policia,Andarai,
79,Morro do Cruz,Policia,Andarai,
80,Morro dos Macacos,TCP,Macacos,
81,Nova Divinéia,Policia,Andarai,
82,Parque João Paulo II,Policia,Andarai,
83,Parque Vila Isabel,ADA,Macacos,
84,Baixa do Sapateiro,TCP,Mare,
85,Chp-2,CV,Manguinhos,
86,Igreja Nossa Senhora da Conceição,,,
87,Itararé,CV,Alemao,
88,Joana Nascimento,TCP,Mare,t
89,Joaquim de Queiróz,CV,Alemao,
90,Parque Maré,CV,Mare,
91,Morro da Baiana,CV,Alemao,
92,Morro do Adeus,CV,Adeus,
93,Morro do Alemão,CV,Alemao,
95,Morro do Piancó,CV,Adeus,
97,Paraibuna,TCP,Mare,
96,Nova Holanda,CV,Mare,
98,Parque Carlos Chagas,CV,Manguinhos,
99,Parque Félix Ferreira,,,
100,Parque João Goulart,CV,Manguinhos,
101,Parque Oswaldo Cruz,CV,Manguinhos,
102,Parque Proletário Monsenhor Brito,,,
103,Parque Roquete Pinto,Milicia,Ramos,
104,Parque Rubens Vaz,CV,Mare,
105,Parque União,CV,Mare,
106,Ramos,Milicia,Ramos,
107,Tenente Pimentel,CV,Penha,t
108,Timbau,TCP,Mare,
109,Vila Cruzeiro,CV,Penha,
110,Vila Residencial Darcy Vargas,,,
111,Vila Santo Antônio (RA - Ramos),,,
112,Vila Turismo,CV,Manguinhos,
113,Bairro Proletário do Dique,CV,Jardim America,
114,Brás de Pina,CV,Cidade Alta,
115,Centro Social Marcílio Dias,CV,Kelson,
116,Cordovil,CV,Cidade Alta,
117,Dourados,,,
118,Mangueirinha,Milicia,Quitungo,
119,Morro da Caixa d'Água (RA - Penha),CV,Penha,
120,Morro da Fé,CV,Penha,
121,Morro da Guaíba,Milicia,Quitungo,
122,Morro do Caracol,CV,Penha,
123,Morro do Sereno,CV,Penha,
124,Parque Furquim Mendes,CV,Jardim America,
125,Parque Jardim Beira Mar,TCP,Parada de Lucas,
126,Parque Proletário de Cordovil,CV,Cidade Alta,
127,Parque Proletário de Vigário Geral,TCP,Vigario Geral,
128,Parque Proletário do Grotão,CV,Penha,
129,"Rua Frey Gaspar, nº 279",CV,Penha,
130,Rua Laudelino Freire,CV,Penha,
131,Vila Cambucí,CV,Cidade Alta,
132,Rua Rodolfo Chambelland,CV,Jardim America,
133,Serra Pelada,CV,Cidade Alta,
134,Te Contei,TCP,Parada de Lucas,
135,Vila Proletária da Penha,CV,Penha,
136,Belém-Belém,Milicia,Belem-Belem,
137,Céu Azul,CV,Ceu Azul,
138,Chácara de Del Castilho,,,
139,Conjunto Residencial Fernão Cardin,Milicia,Belem-Belem,
140,Dois de Maio,CV,,
141,Jacarezinho,CV,Jacarezinho,
142,Marlene,,,
143,Morro da Caixa d'Água (RA - Méier),TCP,Urubu,
144,Morro do Engenho da Rainha,CV,Engenho da Rainha,
145,Morro do Trajano,,,
146,Morro do Urubu,TCP,Urubu,
147,Morro das Palmeiras,CV,Alemao,
148,Nova Brasília (RA - Alemão),CV,Alemao,
149,Parque Proletário Águia de Ouro,Milicia,Belem-Belem,
150,Parque Proletário Engenho da Rainha,,,
151,Parque União de Del Castilho,Milicia,Belem-Belem,
152,Pica Pau Amarelo,CV,Jacarezinho,
153,"Praça Marimbá, 60 (Fundos)",,,
154,Relicário,CV,Alemao,
155,Rua Itabirito,TCP,Urubu,t
156,"Rua Matinoré, nº 163 (Fundos)",,,
157,Rua Pereira Pinto,CV,Engenho da Rainha,t
158,Seu Pedro,,,
159,Tautá,CV,Jacarezinho,
160,Teixeira Bastos,,,
161,Vila Caramuru,TCP,Urubu,
162,Vila União (RA - São Cristóvão),CV,Manguinhos,
163,Bairro Ouro Preto,CV,Camarista Meier,
164,Barro Preto,CV,Lins,
165,Barro Vermelho,CV,Lins,
166,Beco do Vitorino,,,
168,Cachoeirinha,CV,Lins,
169,"Cardoso de Mesquita, nº 28",,,
170,Morro dos Mineiros,TCP,Urubu,
171,Dona Francisca,CV,Lins,
172,Joaquim Méier,,,
173,Morro da Bacia,CV,Encontro,
174,Morro da Cachoeira Grande,CV,Lins,
175,Morro da Matriz,CV,Matriz,
176,Morro São João,CV,Matriz,
177,Morro do Amor,CV,Lins,
178,Morro do Céu,CV,Camarista Meier,
179,Morro do Encontro,CV,Encontro,
180,Morro Nossa Senhora da Guia,CV,Lins,
181,Morro do Queto,CV,Matriz,
182,Pretos Forros,CV,Camarista Meier,
183,"Rua Camarista Meier, nº 914",CV,Camarista Meier,
184,Grotão de Costa Barros,,,
185,Santa Terezinha,CV,Lins,
186,Santos Titara,,,
187,Serra do Padilha,,,
188,Travessa Bernardo,,,
189,Vila Cabuçu,CV,Lins,
190,"Avenida Automóvel Clube, nº 8.340",TCP,Para-Pedro,
191,Barreira do Juca,,,
192,Faz Quem Quer (RA - Madureira),CV,Faz Quem Quer,
194,Moisés Santana,CV,Faz Quem Quer,
195,Morro do Juramento,CV,Juramento,
196,Morro do Sapê,CV,Faz Quem Quer,
197,Morro União,ADA,Jorge Turco,
198,Rua Miguel Dibo,,,
199,Vila Operária Diamantes,,,
200,Vila São Jorge (RA - Irajá),TCP,Para-Pedro,
201,"Rua Congo, nº 147",CV,Vila Kennedy,
202,Avenida do Tenente,,,
203,Buriti - Congonhas,CV,Faz Quem Quer,
204,Monte Carmelo,,,
205,"Rua Araticum, nº 832",,,
206,Grota,TCP,Serrinha,
207,Jardim Piedade,Milicia,Sacu,
208,"Rua Joaquim Martins, nº 378-Fundos",,,
209,Morro da Iguaíba,Milicia,Campinho,
210,Morro do Fubá,Milicia,Campinho,
211,Morro do Sossego (RA - Madureira),CV,Faz Quem Quer,
212,Morro Inácio Dias,Milicia,Morro do 18,
213,"Nabuco de Araújo, nº 228",,,
214,Oliveira Junqueira,,,
215,Padre Manuel da Nóbrega,ADA,Urubu,t
216,Parque Araruna,,,
217,Parque Silva Vale,CV,Juramento,
218,Parque Vila Nova,,,
219,"Rua Baleares, nº 172 - Rua Amália, nº 286",,,
220,Rua Embiri,,,
221,Rua Engenheiro Clóvis nº 304,,,
222,Sociedade Beneficiente e Social Frei Sampaio,,,
223,"Rua Iguaçu, nº 360, casa 23",TCP,Serrinha,t
224,Cristo Rei,,,
225,Rua Lemos de Brito,Milicia,Sacu,
227,Rua Saçu,Milicia,Sacu,
228,Sanatório,TCP,Serrinha,
229,Morro São José,TCP,Serrinha,
230,Serrinha,TCP,Serrinha,
231,Vila Campinho,Milicia,Campinho,
232,Vila das Torres,TCP,Serrinha,t
233,Vila dos Mineiros,Milicia,Sacu,t
234,Vila Nossa Senhora da Glória,,,
235,Vila Primavera,CV,Juramento,
236,Vila Santa,,,
237,Araticum,,,
238,Barão,Milicia,Praca Seca,
239,Caminho do Waldemar,,,
240,Canal do Anil,Milicia,Gardenia Azul,
241,Canal do Arroio Pavuna,,,
242,Caxangá,,,
243,Comendador Pinto,Milicia,Campinho,
245,Covanca,,,
296,Vila Nossa Senhora da Paz,,,
94,Morro do Cariri,CV,Penha,
246,Espírito Santo,Milicia,Campinho,
247,Estrada do Catonho I,,,
248,Estrada do Meringuava,,,
249,Inácio do Amaral,,,
250,Shangrilá,,,
251,Vila Nova (RA - Barra da Tijuca),,,
252,Loteamento São Sebastião,,,
253,Morro do Piolho,,,
254,Nova Aurora,,,
255,Outeiro (RA - Jacarepaguá),,,
256,Rio das Pedras,Milicia,Rio das Pedras,
257,"Rua Luiz Beltrão, nº 1.127",,,
258,Rua Quiririm,,,
259,Rua São Marciano,,,
260,Travessa Antonina,Milicia,Praca Seca,
261,Vila José de Anchieta,Milicia,Praca Seca,
262,Vila Sapê,Milicia,Curicica,
263,Bairro Nova Aliança,TCP,Vila Alianca,
264,Batam,TCP,Batam,
265,Birigui,,,
266,Boqueirão,,,
267,Caminho do Lúcio,TCP,Vila Alianca,
268,Coréia (RA - Bangu),TCP,Coreia,
269,Cosme e Damião,,,
270,Fazenda Coqueiro,TCP,Coreia,
271,Frederico Faulhaber,,,
272,Jacaré,TCP,Rebu/Cavalo de Aco,
273,Nilo,,,
274,Rua Jabaquara,,,
275,Rua Santo Expedito,,,
276,Tibagi,,,
277,Vila Brasil,,,
278,Vila Catiri,Milicia,Catiri,
279,Vila do Vintém,ADA,Vila do Vintem,
280,Vila Progresso,CV,Vila Kennedy,
281,Vila Santo Antônio (RA - Realengo),,,
282,Jardim São Bento,,,
283,Vila São Miguel,ADA,Curral das Eguas,
284,Vila União da Paz,,,
285,Anes Dias,TCP,Coreia,
286,"Estrada da Caroba, nº 889",,,
287,Morro da Esperança,,,
288,Rio Piraquê,,,
289,"Rua Teixeira Campos, nº 96/102",,,
290,"Rua Teixeira Campos, nº 642",,,
291,Vila Comari,,,
292,Vila do Céu,,,
293,Vila Jurari,,,
294,Vila São Jorge (RA - Campo Grande),,,
295,Vila União (RA - Campo Grande),Milicia,Curicica,
297,"Avenida João XXIII, nº 300",,,
298,Beco da Guarda,,,
299,Coréia (RA - Santa Cruz),,,
300,Divinéia,,,
301,Linha de Austin,,,
302,Margem do Canal do Cação Vermelho,,,
303,Margem do Canal de São Francisco,,,
304,Rua Iconha,,,
305,Três Pontes,,,
306,Vala do Sangue,,,
307,Bairro da Sapucaia,TCP,Praia da Rosa,
308,Bairro Nossa Senhora das Graças,Milicia,Boogie Woogie,
309,Bela Vista da Pichuna,TCP,Pichuna,
310,Colônia de Pescadores Almirante Gomes Pereira,Milicia,Colonia Z14,
311,Conjunto Residencial dos Servidores Municipais,TCP,Querosene,
312,Guarabu,TCP,Dende,
313,Morro das Araras,TCP,Pichuna,
314,Morro do Dendê,TCP,Dende,
315,Morro do Querosene,TCP,Querosene,
316,Parque Proletário dos Bancários,TCP,Bancarios,
317,Parque Royal,TCP,Parque Royal,
318,Tirol,,,
319,Praia da Rosa,TCP,Praia da Rosa,
320,Jardim Duas Praias,TCP,Querosene,
321,Rua Guariúba,TCP,Dende,t
322,"Rua Rodano, Lote 22, Quadra 31",TCP,Dende,t
323,Serra Morena,Milicia,Boogie Woogie,
324,Tremembé,TCP,Pichuna,t
325,Almirante Tamandaré,ADA,Fazenda Botafogo,
326,Avenida,,,
327,Bairro da Pedreira,TCP,Pedreira,
328,Beira Rio - Rua Arnaldo Murineli - (RA - Anchieta),,,
329,Beira Rio - Rua Matura (RA - Pavuna),,,
330,Fazenda Botafogo / Margem da Linha,TCP,Pedreira,
331,Faz Quem Quer (RA - Anchieta),,,
332,Fé em Deus,,,
333,Furão,TCP,Acari,t
334,"Gleba I, da Antiga Fazenda Botafogo",ADA,Fazenda Botafogo,
335,Caminho do Job,CV,Chapadao,
336,Margem da Linha,ADA,Fazenda Botafogo,
337,Morro do Mata Quatro,ADA,Fazenda Botafogo,
338,Oliveira Bueno,,,
339,Parque Acari,TCP,Acari,
340,Parque Anchieta,,,
341,Parque Bela Vista,ADA,Fazenda Botafogo,
342,Parque Columbia,,,
343,Parque São José,ADA,Fazenda Botafogo,
344,Parque Unidos,,,
345,Araguatins,,,
346,Rua Itatiba,,,
347,Rua Parnaíba,ADA,Jorge Turco,
348,Sossego - Alegria,CV,Jardim America,
349,Vila Beira Rio,CV,Jardim America,
350,Vila Esperança (RA - Pavuna),TCP,Acari,
351,Vila Eugênia,TCP,Moquico,
352,Vila Rica de Irajá,TCP,Acari,
353,Baronesa,,,
354,Francisco de Castro,,,
355,Júlio Otoni,CV,Pereirao,t
356,Morro da Coroa,TCP,Coroa,
357,Morro dos Prazeres,CV,Rio Comprido,
358,Ocidental Fallet,CV,Rio Comprido,
359,Travessa Vista Alegre,,,
360,Unidos de Santa Tereza,CV,Rio Comprido,
361,Angu Duro,Milicia,Tijuquinha,
362,Vista Alegre do Recreio,,,
363,Beira do Canal,,,
364,Cachorro Sentado,,,
365,Caminho do Bicho,,,
366,Caminho do Marinho,,,
367,Canal das Tachas,Milicia,Canal das Tachas,
368,Canal do Cortado,,,
369,Floresta da Barra da Tijuca,Milicia,Floresta da Barra,
370,Muzema,Milicia,Tijuquinha,
371,Restinga,,,
372,Rua São Tillon,,,
373,Sítio do Pai João,Milicia,Tijuquinha,
374,Tijuquinha,Milicia,Tijuquinha,
375,Vila Canoas,,,
376,Vila dos Crentes,,,
378,Associação Belfast São Geraldo,CV,Cidade de Deus,
379,Falange,TCP,Sapo,
380,Morro do Sossego (RA - Bangu),TCP,Sapo,
382,Saibreira,,,
383,Tancredo Neves (RA - Bangu),TCP,Sapo,
384,Vila Jurema,TCP,Jurema,
459,A.M. e Amigos do Fontela,,,
482,Condomínio Paco do Lumiar,,,
503,Beira Rio (RA - Realengo),TCP,Batam,
385,Vila Santa Luzia,TCP,Jurema,
386,Vila Mangueiral,,,
387,"Estrada dos Bandeirantes, nº 29.192",,,
388,A.M. do Rio Bonito,,,
390,Rio Morto,,,
391,Parque Real,,,
392,Travessa Sta Catarina-Vila dos Minerios,TCP,Vila Alianca,
393,Vila Olímpia,TCP,Vila Alianca,
394,Final Feliz,,,
395,Caminho do Padre,,,
396,Agrícola,Milicia,Floresta da Barra,
397,Fazenda,Milicia,Floresta da Barra,
398,Furnas,,,
399,Vila Maria,,,
400,Batuta de Cordovil,,,
401,Chega Mais,,,
402,Vila Itaocara,,,
403,Parque Nova Jerusalém,ADA,Pedreira,
404,Final Feliz II,TCP,Pedreira,
405,"Rua Embaú, nº 427",,,
406,Parque Raio de Sol,,,
407,Fazenda Velha,,,
408,Rua Doutor Fernando,,,
409,"Rua Oliveira Bueno, nº 832",,,
410,Beira Rio - Lot. Jardim Bela Vista (RA - Campo Grande),,,
411,Rua Madagascar,,,
412,Rua da Escadinha,,,
413,Rua do Barro,,,
414,Moquiço (RA - Cidade de Deus),,,
415,Jardim Moriçaba,,,
416,Joaquim Magalhães,,,
417,Vila 133,,,
418,Vila Lélio Boaventura,,,
419,Morro São Sebastião,,,
420,Tiqui,TCP,Sapo,
421,Murundú,,,
422,"Rua da Feira, nº 1.220",,,
423,Do Larguinho,,,
424,Beco da Usina,,,
425,Comandante Luis Souto,,,
426,Chacrinha do Mato Alto,,,
427,Chácara Flora,,,
428,Vila Santa Clara,,,
429,Curicica,Milicia,Curicica,
430,Vila Getúlio Vargas,,,
431,Vila Santa Mônica,,,
432,Nova Esperança (RA - Jacarepaguá),,,
433,Vila Pitimbu,,,
434,Comunidade São Francisco de Assis,,,
435,Fazenda Mato Alto,,,
436,Vila São Pedro,,,
437,Comunidade Estação da Mangueira (Amcema),CV,Mangueira,
438,André Cavalcanti,,,
439,Ladeira Santa Isabel,,,
440,Fazenda Catete,CV,Santo Amaro,
441,Rua São João,CV,Jacarezinho,
442,Tancredo Neves (RA - Jacarezinho),CV,Jacarezinho,
443,Vila da Paz (RA - Barra da Tijuca),Milicia,Tijuquinha,
444,Mourão Filho,CV,Alemão,
445,Ruth Ferreira,,,
446,Vila Pedra Bonita,,,
447,Parque Bom Menino,,,
448,Parque Jardim Metrô de Irajá,,,
449,Magno Martins,,,
450,Estrada da Saudade,CV,Vila Kennedy,
451,Vila Joaniza,CV,Barbante,
452,"Rua Budapeste, nº 66",TCP,Pichuna,
453,Maestro Arturo Toscanini,TCP,Querosene,t
454,Luiz Marcelino,CV,Rio Comprido,t
455,Caeté,,,
457,Vila Amizade,Milicia,Canal das Tachas,
458,Santa Luzia,,,
460,Vila Autódromo,Milicia,Vila Autodromo,
244,Comunidade Santa Rosa,,,
462,Cambalacho,Milicia,Tijuquinha,
464,Asa Branca,,,
465,Abadianas,,,
466,Santa Maura,,,
467,Virgolândia,,,
468,Vila Calmete,Milicia,Curicica,
469,Vila União da Curicica,Milicia,Curicica,
470,Santa Anastácia,Milicia,Curicica,
471,Santa Efigênia,CV,Cidade de Deus,
472,André Rocha,,,
473,Vilar São Sebastião,,,
474,Alto Bela Vista,,,
475,Vila Clarim,,,
476,A.M. e Comunidade Nª. Sª. de Fátima,,,
477,Santa Maria,,,
478,Jardim Boiúna,,,
479,Morro Bela Vista,,,
480,Inácio Dias (RA - Jacarepaguá),Milicia,Morro do 18,
481,Morro do Juca,,,
483,Jardim do Carmo,CV,Vila Cosmos,
484,Vila Pequirí,Milicia,Quitungo,
485,Parque Alvorada,CV,Alemao,
486,Vila Vitória (RA - Campo Grande),,,
487,Parque Rio D'Ouro,,,
488,Parque Conquista,CV,Caju,t
489,Vila Matinoré,CV,Jacarezinho,
490,Vila Jandira,CV,Jacarezinho,
491,Carlos Drumond de Andrade,CV,Jacarezinho,
492,Morro do Andaraí,Policia,Andarai,
493,Parque Chp,CV,Cidade Alta,t
494,Rua Mirataia,,,
495,Portugal Pequeno,,,
498,Vila Vitória (RA - São Cristóvão),,,
501,Roberto Morena,,,
502,Vila Capelinha,,,
504,Minha Deusa,TCP,Vila Alianca,
505,Vila Piquirobi,CV,Vila Kennedy,
506,Vila João Lopes,,,
507,Bairro Santo André,,,
508,Jardim Bárbara,ADA,Fazenda Botafogo,
509,São Bento,,,
510,Rua do Encanamento,,,
511,Parque Rafael de Oliveira,,,
513,Rafael de Oliveira,,,
514,Rua Cônego Boucher Pinto,,,
515,Vila Jardim Novo Realengo,,,
516,Vila do Almirante,,,
517,Parque Esperança (RA - Campo Grande),,,
518,Vila Esperança de Guadalupe,,,
519,Vila Moreti,TCP,Vila Alianca,
521,Vila Nova (RA - Realengo),,,
523,Bairro Carumbé,,,
524,Maranata,,,
525,Rua do Canal,TCP,Moquico,
527,Luiza Regadas,TCP,Querosene,t
528,Caminho da Reta,TCP,Moquico,
529,Fazenda Sapopemba,TCP,Moquico,
530,Rua Sérgio Silva,CV,Pavuna,
531,Vila Bereti,,,
532,Vila Triagem,CV,Mangueira,
533,Travessa Marques de Oliveira,,,
534,Rodo,Policia,Turano,
535,Morro do Bacalhau,,,
536,Assis Martins,,,
537,Morro da Cotia,CV,Lins,
538,Fazenda da Bica,Milicia,Campinho,
540,Alameda da Creche,,,
541,Bairro Nova Aguiar,,,
542,"Estrada Sargento Miguel Filho, nº 164",CV,Vila Kennedy,
543,Rua Santo Amos,,,
544,Estrada do Quitite,,,
545,Vila Matinha,CV,Alemao,
546,Palmares,,,
547,Bom Jardim de Cordovil,CV,Cidade Alta,t
548,"Rua 8W, 500",Milicia,Canal das Tachas,
549,Avenida das Lagoas,Milicia,Gardenia Azul,
550,"Estrada do Engenho d'Água, nº 260 Fundos",,,
551,Pedacinho do Céu,,,
552,Vila das Rosas,,,
553,Beco do Brizola,,,
554,Barreira,,,
555,Bairro Barro Vermelho,,,
556,Parque Chico Mendes,Milicia,Canal das Tachas,
557,Comunidade Agrícola de Higienópolis,,,
558,Comunidade dos Marianos,Milicia,Morro do 18,
560,Estrada do Sertão,Milicia,Rio das Pedras,
561,Travessa Maria José,,,
562,Engenheiro Alfredo Gonçalves,Milicia,Morro do 18,
563,Quintanilha,,,
564,Rua São Jorge,,,
577,Parque da Pedra Branca,,,
578,Pantanal (RA - Rio Comprido),Policia,Turano,
579,A.M. e Amigos do Vale,CV,Rio Comprido,
580,Rua Armando Sodré,,,
581,A.M. da Ilha de Guaratiba,,,
582,A.M. da Matriz,,,
583,Comunidade de São Miguel Arcanjo,CV,Faz Quem Quer,
584,A. M. Pro-Melhoramento Olavo Gama e Adjacências,,,
585,A.M. Morada do Magarça,,,
586,Condomínio Vila Darcy Vargas,,,
587,A.M. e Amigos de Rio das Pedras,Milicia,Rio das Pedras,
589,Morro da Reunião,,,
590,A.M. do Vale do Curicica,Milicia,Curicica,
591,Parque Dois Irmãos,Milicia,Curicica,
592,Entre Rios,Milicia,Curicica,
594,Morro da Boa Esperança,Milicia,Campinho,
595,Ladeira da Reunião,,,
596,Travessa Efraim,CV,Cidade de Deus,
597,Vila Nova Esperança,Milicia,Gardenia Azul,
598,Parque das Palmeiras,,,
600,Comunidade Sobral,,,
601,Parque Nossa Senhora de Fátima,,,
602,Verde é Vida,TCP,Sapo,
603,Jardim Clarice,TCP,Coreia,
604,Conjunto Minas de Prata,,,
605,Parque Resplendor,,,
607,Jardim Nossa Senhora das Graças II,,,
611,Beco do Coqueiral,,,
612,Gaspar de Lemos,,,
613,Comunidade Jardim Paulista,,,
614,Centro Social União de Costa Barros,,,
615,A.M. do Morro do Vigário,,,
616,Ilha da Gigóia,,,
617,Morro do Gari,,,
618,Parque Criança Esperança,,,
619,Planalto,,,
620,Parque Esperança (RA - Anchieta),,,
621,Parque Tiradentes,,,
622,Associação Comunitária Vila Alvorada,,,
623,Oito de Dezembro,,,
624,Vila Elza,CV,Rio Comprido,
625,A.M. e Amigos de Santa Tereza,,,
626,Vila Paraíso,,,
628,Vila Santa Terezinha,Milicia,Tijuquinha,
629,Comunidade de Clara Nunes,ADA,Sao Carlos,
630,Comunidade Aramari,,,
633,São Jerônimo,,,
634,Areal,,,
635,Quatorze de Julho,,,
639,Novo Camarão,,,
640,Novo Tinguí,,,
641,Luis Fernando Victor Filho,,,
642,Bairro Agulhas Negras,,,
643,Chico Mendes (Morro do Chapadão),CV,Chapadao,
644,Bela Vista do Mato Alto,,,
645,Beirada do Rio,CV,Cidade de Deus,
646,Estrada do Pontal (Caité),Milicia,Canal das Tachas,
647,Cascatinha,,,
648,Grota Funda,,,
649,Vila Doutor Crespo,,,
650,Antiga Creche,Milicia,Curicica,
651,Caricó,CV,Barbante,
653,Águia Dourada,CV,Barbante,
654,"Travessa Estrada Grande, nº 1.397",CV,Barbante,
655,Vila Nova Canaã,CV,Barbante,
657,"Rua Urucuia, nº 570",,,
658,São Gonçalo do Amarante,,,
659,Morro do Camorim,,,
660,Rua Professor Burlamáqui,TCP,Serrinha,
661,Curicica II,Milicia,Curicica,
662,Chácara do Tanque,,,
663,Servidão D,,,
664,"Avenida Meriti, nº 4.483",,,
665,Parque Boa Esperança (RA - Pavuna),CV,Chapadao,
666,Vale do Ipê,Milicia,Curicica,
667,27 de Setembro,,,
668,"Rua André Rocha, nº 2.630 B",,,
669,Parque Itambé,,,
670,Parque Nova Maracá,CV,Pavuna,
671,Rua Adalberto Tanajura,,,
672,Rua Tenente Lassance,,,
673,Professora Justina Marques,,,
674,Rua Professor Silva Campos,TCP,Pichuna,t
676,Vila Amaral,,,
677,Vila Nova da Pavuna,,,
678,Quitanda,CV,Chapadao,
679,Batistinha,,,
680,Vila Verde (RA - Campo Grande),,,
681,Nova Esperança (RA - Campo Grande),,,
682,Retiro do Lameirão,,,
683,Vila São Sebastião,,,
684,Rua Sem Nome,,,
685,Recanto dos Motoristas,,,
686,Cabuís (RA - Guaratiba),,,
687,Jardim Guaratiba,,,
688,Loteamento Josué,CV,Cidade de Deus,
689,Castor de Andrade,CV,Vila Kennedy,
690,Retiro das Mangueiras,TCP,Vila Alianca,
691,Alto Kennedy,CV,Vila Kennedy,
692,Vila Jurema 1,,,
693,Parque Nova Cidade de Acari,,,
694,Rua 66 (Cesarão),,,
695,São Gomário,,,
696,Nova Brasília - Três Pontes (RA - Santa Cruz),,,
697,Nova Jersei,,,
698,Colorado,,,
699,1º de Abril,,,
700,"Av. das Américas, Km 37",,,
701,Jardim Luana,,,
702,Vila Abrolhos,,,
703,Rua Bernardo de Vasconcelos e Adjacências,ADA,Vila do Vintem,
704,Travessa Magarça,,,
705,Rua Vale Verde,,,
706,Bairro de São Pedro,,,
707,Santa Clara,,,
708,Ziza,,,
709,Beco do Carcará,,,
710,Saquaçu,,,
711,Jardim Nossa Senhora das Graças,,,
712,Vale dos Eucaliptos,,,
713,Vila Verde (RA - Santa Cruz),,,
714,Pantanal (RA - Santa Cruz),,,
715,Fazenda Cassiana,,,
716,Caminho da União,,,
717,Estrada do Gandu,,,
718,Rua Hélio Correa,,,
719,Vasconcelos,,,
720,Parque das Nogueiras,Milicia,Nogueira,
721,Do Horto,,,
722,"Av. Santa Cruz, nº 3.556",,,
723,Caminho do Borges,,,
724,Prolongamento Senhora,,,
725,Cabuís (RA - Campo Grande),,,
726,29 de Março,,,
727,Nova Conquista (RA - Campo Grande),,,
728,Parque Proletário Vila Esperança,,,
729,Vilar Carioca,,,
730,Caminho do Morro,,,
731,Bairro Fernão Magalhães,,,
732,Beco sem Nome,,,
733,Novo Jardim Maravilha,,,
734,Largo do Corrêa,,,
735,Largo do Corrêa 1,,,
736,Beco do Rato,,,
737,Vitória da Conquista,,,
738,Rua Brício de Moraes,CV,Juramento,
739,Visconde de Sabóia,CV,Juramento,t
740,Morrinho,CV,Faz Quem Quer,t
741,"Rua Castro Menezes, nº 928",,,
742,Cantinho do Rio,,,
743,Praça Cândida Vargas,,,
744,Nova Olinda,,,
746,"Rua Embaú, nº 349",,,
748,Força do Povo,,,
749,Caminho do Rio Pequeno,,,
750,Rua José Felix de Mariz,,,
751,Travessa Antônio Avelino,,,
752,Beco da Amizade,,,
753,Negrão de Lima,TCP,Serrinha,t
755,Comunidade Bandeirantes,,,
756,Hélio Oiticica,,,
758,Rua Samaúna,,,
759,Vila Arco Íris,Milicia,Curicica,
760,Rua Sargento Paulo Moreira,,,
761,Avenida Guia Lopes,,,
762,Vacaria,,,
763,"Rua Monsenhor Marques, nº 277",,,
764,Engenho da Serra,,,
765,Fazendinha de Água Santa,Milicia,Morro do 18,
766,Rua Daniel,CV,Cidade de Deus,
767,Praça da Bíblia,CV,Cidade de Deus,
768,Pantanal I (RA - Jacarepaguá),CV,Cidade de Deus,
769,Rua Agostinho Gama,,,
770,Outeiro (RA - Méier),CV,Camarista Meier,t
771,Vila da Amizade,Milicia,Sacu,t
772,Morro do Pau Ferro,,,
773,Sítio da Biquinha,Milicia,Floresta da Barra,
774,Vale Encantado,,,
775,Açude da Solidão,,,
776,Ilha da Gigóia - Lote 500,,,
777,Lagoa da Barra,,,
778,Rua Lagoa Redonda,,,
779,Vila Dom Fábio,,,
780,Parque Everest,,,
781,Malvinas,CV,Jacarezinho,t
782,"Vila da Rua Viúva Cláudio, nº 211",,,
783,Pata Choca,,,
784,Mandela de Pedra,CV,Manguinhos,t
786,Coroado (AMAPOLO),,,
787,Rua Projetada A - Rio Comprido,CV,Rio Comprido,
788,"Rua Jerônimo Ornelas, nº 490",,,
789,"Rua Marquês de Muritiba, nº 609",TCP,Dende,
790,Beco do Genipapo,,,
791,Caminho dos Nunes,,,
792,Morro do PEC,,,
794,"Avenida dos Eucaliptos, 28",,,
795,Bosque Mont Serrat,,,
796,Caminho do Abreu,,,
798,Parque Horto Florestal,,,
799,A.M. Barra América,,,
800,Nova Cidade,,,
801,A.M. Novo Rio de Jacarepaguá,Milicia,Gardenia Azul,
802,"Rua Torres de Oliveira, nº 467",Milicia,Morro do 18,t
803,Estrada do Soberbo (altura do nº 267),,,
804,Rua Rodrigo da Silva (altura do nº 910 - Caminho Santo André),,,
805,Rua Rodrigo da Silva (altura do nº 91),,,
806,Estrada do Soberbo (altura do nº 176),,,
807,Rua Adalberto Tanajura (altura do nº 152),,,
808,"Estrada Curipós, nº 310",,,
809,"Rua Aldo Rangel, nº 198",,,
810,Castor de Andrade II,CV,Vila Kennedy,
811,Favela do Quiabo,CV,Vila Kennedy,
812,Rua Humberto Teixeira,,,
813,Parque das Mangueiras,,,
814,"Estrada de Realengo, nº 1.516",,,
815,Estrada de Gericinó (altura do nº 860),Milicia,Catiri,
817,Sem Terra,Milicia,Catiri,
818,Vila Aliança (loteamento Rua do Lúcio),TCP,Vila Alianca,
859,Rua Myron Clark,,,
899,Granja Avícola Pastoril,,,
819,Quinta do Taquaral,TCP,Vila Alianca,
820,Vila Aliança (Av. do Corretor),TCP,Vila Alianca,
821,Vila Aliança,TCP,Vila Alianca,
822,Marco,,,
824,Rua da Proclamação (altura do nº 809),,,
825,Morro da Saudade,Policia,Botafogo,t
826,"Estrada do Quitungo, nº 1.267",Milicia,Quitungo,
828,Comunidade Solar da Montanha de Jacarepaguá,,,
829,Beco da Esperança,,,
830,Estrada do Pedregoso (próxima à Estrada do Mendanha),,,
832,Morro Luiz Barata,,,
833,Jardim Monteiro,,,
834,Caminho do Céu,,,
835,Caminho do Céu (Rua João Galdino),,,
836,Caminho do Céu (Trav. Miguel Sacramento),,,
837,Afonso Viseu,,,
838,Estrada do Mato Alto,,,
839,"Rua Gramado, nº 783 - servidão",,,
381,Nova Kennedy,CV,Vila Kennedy,
840,Torre de Babel,,,
841,Ocupação Olga Benário Prestes,,,
842,Comari,,,
843,Bairro São Sebastião,,,
844,Bosque dos Caboclos,,,
845,Morro do Quilombo,,,
846,Estrada da Caroba,,,
847,Estrada João Melo (altura do nº 460 - Caminho do Pastoria),,,
848,Estrada da Cachamorra (altura da Av. Mario Pedrosa),,,
849,"Estrada Guandu do Sapé, nº 870",,,
1091,Vila Miguel Angelo,,,
1092,Vila União (RA - Méier),,,
1093,Portelinha,,,
1094,Rua José Eugênio,,,
1095,"Rua Coqueiros, nº 10",,,
1096,"Rua Silva Teles, nº 110",,,
1097,Morrinho,,,
1098,"Rua Albano, nº 252",,,
1100,"Rua Pereiro, nº 471",,,
1101,"Estrada do Boiúna, nº 1546",,,
1065,Travessa do Jagunço,,,
1034,Da Curva,,,
1102,Gouveia,,,
1104,Higienópolis,,,
1105,B-1,,,
1107,Travessa Claudio Franco,,,
1108,Cajueiro,,,
21,Vila Anchieta,CV,Rio Comprido,
1063,Vida Nova,,,
923,Caminho dos Calharins,,,
938,Rua Pistóia,,,
941,Estrada do Murundu,,,
965,"Rua Euclides Roxo, nº 365",,,
995,Serra Verde,,,
816,Estrada de Gericinó (em frente ao nº 817),,,
831,Rio - São Paulo (altura do nº 3.239),,,
850,Jardim Nossa Senhora das Graças III,,,
851,"Estrada Guandu do Sena, nº 1.057",,,
852,"Avenida Dom Helder Câmara, nº 9.991 (rua Silvério, nº 79)",,,
853,"Rua Silva Vale, nº 108",CV,Juramento,t
854,"Rua Cardoso Quintão, nº 509 / Rua Paulo Eiro, nº 123",,,
855,Anastácia,,,
857,"Avenida Pedro Calmon, s/ nº",,,
858,Rua Myron Clark (Rua Jatuaia),,,
860,Rua 1 pela Ademas,CV,Alemao,t
861,Estrada do Itararé,CV,Alemao,
862,Rua Emilio Berla Lote 14,,,
863,"Ladeira dos Tabajaras, nº 248",Policia,Tabajaras,
864,Rua Ponto Chique (próxima ao nº 220),CV,Cidade Alta,t
866,Vila Bom Jardim,,,
867,Sítio do Nera,TCP,Fazenda Botafogo,
868,Village Costa Barros,TCP,Fazenda Botafogo,
869,Vila União (RA - Jacarepaguá),Milicia,Curicica,
870,Rua André Rocha,,,
871,Moquiço (RA - Bangu),TCP,Moquico,
872,Travessa Miguel Rangel,TCP,Serrinha,t
874,Comunidade São João dos Operários,TCP,Pichuna,t
875,Pantanal,,,
876,"Rua Moisés, nº 87",,,
877,Estrada da Pedra I,,,
878,Estrada da Pedra II,,,
879,Estrada da Pedra III,,,
880,Estrada da Pedra IV,,,
881,Estrada da Pedra V,,,
882,Estrada da Pedra VI,,,
883,Avenida Gaspar Lemos (próxima ao nº 11),,,
884,Morro da Foice,,,
885,Estrada da Pedra VII,,,
886,Travessa Natal,,,
887,Estrada da Pedra VIII,,,
888,Estrada da Pedra IX,,,
889,Estrada da Pedra X,,,
890,Pingo d'Água,,,
891,Avenida Silvério (Rua Palhano),,,
892,Avenida Silvério,,,
893,"Estrada do Magarça, nº 2.823",,,
894,Estrada da Cachamorra,,,
896,"Estrada do Mato Alto, nº 5.078",,,
897,Travessa dos Vieiras,,,
898,Bairro ABC,,,
900,"Rua Dona Emilia, nº 5",,,
901,Linha Amarela (acesso à Av. Automóvel Clube),,,
902,Casarão,,,
903,Parque Everest (Rua Arquibui),,,
904,Estrada de Inhoaíba (próxima Lt 02 - Qd 32),,,
905,Estrada Pedro Borges de Freitas (próxima ao nº 323),TCP,Para-Pedro,
906,Nossa Senhora da Apresentação,,,
907,"Estrada de Jacarepaguá, nº 2.679",,,
908,Regata,Milicia,Tijuquinha,
909,Comunidade do Adonis,,,
910,"Engenheiro Alberto Moas, próxima ao nº 75",,,
911,Antiga Company,,,
912,"Avenida Menezes Cortes, nº 12",,,
913,Avenida Menezes Cortes (com Estrada dos Três Rios),,,
914,Estrada do Rio Pequeno (próxima à rua 1),,,
915,Caminho da Cachoeira,,,
916,Caminho do Fincão,,,
917,Comunidade Campo da Paz,,,
918,Avenida Sampaio Correa,Milicia,Curicica,
919,Vila da Conquista,,,
920,Vila O - Conj. Vila Nova Cruzada,CV,Leblon,
921,Santa Maria II,,,
922,Estrada do Pau da Fome,,,
924,Caminho Novo da Represa,,,
925,Vila Rio Grande,,,
926,Parque da Comunidade Vila Arco Íris,Milicia,Curicica,
927,Comendador Lisboa,TCP,Serrinha,t
928,"Rua Bonina, nº 381",,,
929,"Rua Bonina, nº 511",,,
930,Vitória de Manguinhos,CV,Manguinhos,
931,Maré (Rua Guilherme Frota),TCP,Mare,t
932,Rua Mira,CV,Penha,t
933,Condomínio Mandela,,,
934,Beco Enedina,,,
935,Rua São Lourenço,,,
936,"Rua Pereira de Figueiredo, nº 630",,,
937,1º de Abril - Gouveia,,,
939,Sapé,,,
940,Rua Francisco Real,,,
942,Rua Ribatejo (em frente ao nº 245),,,
943,Vila Modelo - Rua Alfredo Cabuçu,,,
944,Nova Conquista (RA - Pavuna),,,
945,Cabo Otávio,,,
946,Monte Sinai,,,
947,Morada do Sol,,,
948,Rua Moença,,,
956,Rua Nossa Senhora da Penha,,,
957,Inácio Dias (RA - Méier),,,
958,Vila Operária Luiz Carlos Prestes,TCP,Urubu,
959,"Rua Jerônimo Pinto, nº 942",,,
960,Amigos da Aerobita,Milicia,Praca Seca,
961,Avenida Teixeira de Castro,,,
962,Avenida Brasil,,,
963,Uga-Uga,,,
964,"Rua Felizardo Fortes, nº 276",,,
966,Parque Carumbé,,,
967,Solar dos Teixeiras,,,
968,Vila Alzira,,,
969,"Rua Itaporanga, nº 175",TCP,Batam,
970,Avenida Brasil (Bairro Batam),TCP,Batam,
971,"Rua Duarte Coelho de Albuquerque, nº 184",TCP,Batam,
972,Canecão,,,
973,"Estrada do Pontal, nº 3.561",,,
974,Avenida Guiomar Novaes,,,
976,Matinha (RA - Rocinha),,,
978,Nova Palestina,,,
979,Comunidade Jardim da Vitória,,,
980,Rio - Santos,,,
981,Jardim Coqueiral,,,
982,Conjunto Antares (Rua Cybber Porto de Mendonça),,,
984,Bairro Canaã,,,
985,Estrada Joaquim Mamede,,,
986,Vila Santa Bárbara,CV,Providencia,t
987,Estrada da Posse,,,
988,Rua Anes Dias,TCP,Coreia,
989,Rua Paulo Martins (próxima ao Lt 12 - Qd B),,,
990,Estrada do Lameirão,,,
991,Vila Miséria,CV,Tuiuti,
992,Rua Bartolomeu Gusmão,CV,Mangueira,
993,"Rua São Francisco Xavier, nº 749",CV,Mangueira,
994,Estrada Duarte Nunes (em frente ao nº 97),,,
996,Caruba,,,
997,"Avenida Joaquim Magalhães, nº 499",,,
998,Marcondes da Luz,,,
999,Rua da Vala do Major Freitas,,,
1000,"Rua da Vala do Major Freitas, nº 329",,,
1001,Morro da Faxina,,,
1002,Mina,,,
1003,"Estrada do Boiúna, nº 2.354",,,
1004,"Estrada do Boiúna, nº 1.118",,,
1005,Comunidade Corumau,,,
1006,Estrada Meringuava,,,
1007,Lote 1.000,,,
1008,Beco da Coruja,Policia,Formiga,
1009,Rocha Miranda,,,
1010,Comunidade Novo Lar,,,
1011,"Rua Zenitildes Alves Meira, nº L33",,,
1012,Comunidade Luz Divina,,,
1013,"Avenida Automóvel Clube, nº 5.002",CV,Pavuna,t
1014,"Rua Jangada, L21fds",CV,Vila Cosmos,t
1015,"Rua Jangada, nº 230",CV,Vila Cosmos,t
1016,Vila Presidencial Quiririm,,,
1017,"Ladeira dos Tabajaras, nº 256",,,
1018,Caminho do Outeiro,,,
1020,Avenida 5 - Tijolinho,,,
1021,Mario Loroza,,,
1022,Rua Vídeo,,,
1024,Renascer,,,
1025,Manguariba III,,,
1026,A. M. Mário Larrubia,,,
1027,Jardim Gramado,,,
1028,Flama,,,
1029,"Rua Poerada, Lotes 39 e 40",,,
1030,Travessa Poeraba,,,
1031,Rua do Sol,,,
1032,Travessa Dois Irmãos,,,
1033,"Estrada do Tingui, nº 2.370",,,
1035,"Rua Paulo Roberto Matheus, Lote 7",,,
1036,Vista da Pedra,,,
1038,A.M. Amigos dos Teixeiras,,,
1039,"Estrada do Catonho, nº14",,,
1043,"Estrada de Jacarepaguá, nº 6.590",,,
1044,Vila Taboinha,,,
1047,A. M. São Sebastião,,,
1048,"Rua Jaú, nº 25",,,
1049,Comunidade do Pedrosa,Milicia,Belem-Belem,
1050,Vila Angela,CV,Ceu Azul,t
1051,Vila da Paz (RA - Méier),CV,Mangueira,t
1052,Vila do Mexicano,CV,Caju,t
1053,São Diogo,CV,Providencia,t
1054,"Rua Álvaro Ramos, nº 499",Policia,Botafogo,t
1055,"Rua Álvaro Ramos, nº 535",Policia,Botafogo,t
1056,Comunidade da Favelinha,,,
1057,Vila Padre Angelo,CV,Ceu Azul,t
1058,Estrela do Sul,,,
1059,Vila Porta do Céu,,,
1060,Caninaré,Milicia,Boogie Woogie,
1061,Barbante (Av. Sargento de Milícias),,,
1062,"Rua Embaú, nº 425",,,
1064,Deus é Vida,,,
1066,Vila Esperança (RA - Realengo),ADA,Vila do Vintem,
1067,Drª. Maria Estrela,,,
1069,Vila Santa Teresa,,,
1070,Recanto dos Pássaros,,,
1071,Pousada dos Cavalheiros,,,
1072,Vila Casarão,CV,Mangueira,t
1073,"Rua Valentim da Fonseca, nº 57",CV,Matriz,t
1074,"Rua São Paulo, nº 114",CV,Matriz,t
1075,Comunidade Vila do Pinheiro,TCP,Mare,
1076,Avenida Canal,,,
1077,Avenida Canal II,,,
1078,Avenida do Corretor,TCP,Vila Alianca,
1081,Comunidade do Ecoponto,,,
1083,Rua José Braga,,,
1084,"Rua Venâncio Ribeiro, nº 475",,,
1085,Castelo de Lucas,,,
1086,Avenida dos Campeões - Praça Elói de Andrade,,,
1087,Estrada Velha da Pavuna - Rua Sérgio Silva,CV,Pavuna,t
1088,Rua Armando Godói,,,
1089,Estrada Velha da Pavuna - Linha Amarela,,,
1090,Grefisa,,,